{"cameraMode":{"drawMode":0,"name":"Shaded","section":"Shading Mode"},"sceneLighting":true,"audioPlay":false,"sceneViewState":{"showFog":true,"showMaterialUpdate":false,"showSkybox":true,"showFlares":true,"showImageEffects":true,"showParticleSystems":true},"in2DMode":false,"pivot":{"x":1.5457022190093995,"y":1.034925937652588,"z":-4.876062870025635},"rotation":{"x":-0.12401615083217621,"y":-0.8355618119239807,"z":0.21059489250183106,"w":-0.49204695224761965},"size":5.111184597015381,"orthographic":true}