{"cameraMode":{"drawMode":0,"name":"Shaded","section":"Shading Mode"},"sceneLighting":false,"audioPlay":false,"sceneViewState":{"showFog":true,"showMaterialUpdate":false,"showSkybox":false,"showFlares":true,"showImageEffects":true,"showParticleSystems":true},"in2DMode":false,"pivot":{"x":-21.617881774902345,"y":-0.0000037090960631758209,"z":36.69219970703125},"rotation":{"x":-0.13988156616687776,"y":0.3924087584018707,"z":-0.060513146221637729,"w":-0.9071089029312134},"size":79.18266296386719,"orthographic":true}