{"cameraMode":{"drawMode":0,"name":"Shaded","section":"Shading Mode"},"sceneLighting":true,"audioPlay":false,"sceneViewState":{"showFog":true,"showMaterialUpdate":false,"showSkybox":true,"showFlares":true,"showImageEffects":true,"showParticleSystems":true},"in2DMode":false,"pivot":{"x":1.5457022190093995,"y":1.034925937652588,"z":-4.876062870025635},"rotation":{"x":-0.7137788534164429,"y":0.2747747004032135,"z":-0.373788058757782,"w":-0.5246992707252502},"size":7.236904621124268,"orthographic":true}