{"cameraMode":{"drawMode":0,"name":"Shaded","section":"Shading Mode"},"sceneLighting":true,"audioPlay":false,"sceneViewState":{"showFog":true,"showMaterialUpdate":false,"showSkybox":true,"showFlares":true,"showImageEffects":true,"showParticleSystems":true},"in2DMode":false,"pivot":{"x":0.9900000095367432,"y":3.7799999713897707,"z":-7.789999961853027},"rotation":{"x":-0.13988156616687776,"y":0.3924087584018707,"z":-0.060513146221637729,"w":-0.9071089029312134},"size":10.153026580810547,"orthographic":true}